index,ax,ay,az,gx,gy,gz,t_sample,t_video,frame_exact,frame_index
0,-0.655872,0.256688,0.340624,-0.49,-111.16,21.91,0.0,3.909345464473388,116.28036393420163,116
1,-0.657336,0.25375998,0.34892,-2.1,-111.16,21.28,0.002403846153846154,3.911749310627234,116.35247931881702,116
2,-0.657336,0.25132,0.354776,-3.85,-111.16,21.210001,0.004807692307692308,3.9141531567810803,116.4245947034324,116
3,-0.656848,0.24302399,0.358192,-5.39,-110.88,20.79,0.007211538461538462,3.916557002934926,116.49671008804778,116
4,-0.659776,0.237656,0.36551198,-6.86,-110.74,20.44,0.009615384615384616,3.9189608490887724,116.56882547266316,117
5,-0.66172796,0.23619199,0.371368,-8.26,-110.74,20.3,0.01201923076923077,3.9213646952426187,116.64094085727855,117
6,-0.66709596,0.230336,0.370392,-9.59,-110.67,19.81,0.014423076923076924,3.923768541396465,116.71305624189394,117
7,-0.671976,0.224968,0.370392,-10.5,-110.46,19.53,0.016826923076923076,3.9261723875503107,116.78517162650931,117
8,-0.672464,0.218136,0.37331998,-11.34,-110.32,19.32,0.019230769230769232,3.928576233704157,116.8572870111247,117
9,-0.66612,0.214232,0.37429598,-11.9,-110.18,18.69,0.021634615384615384,3.9309800798580032,116.92940239574008,117
10,-0.66612,0.20984,0.36844,-12.46,-110.18,18.62,0.02403846153846154,3.9333839260118495,117.00151778035548,117
11,-0.66855997,0.20788799,0.36551198,-12.88,-109.9,18.13,0.026442307692307692,3.9357877721656953,117.07363316497086,117
12,-0.666608,0.206424,0.359168,-13.3,-109.97,17.85,0.028846153846153848,3.9381916183195416,117.14574854958624,117
13,-0.66612,0.20447199,0.358192,-13.72,-109.83,17.78,0.03125,3.940595464473388,117.21786393420163,117
14,-0.65831196,0.201056,0.34892,-14.28,-109.9,17.29,0.03365384615384615,3.942999310627234,117.28997931881702,117
15,-0.655872,0.193248,0.339648,-14.63,-110.04,17.22,0.036057692307692304,3.9454031567810803,117.3620947034324,117
16,-0.655872,0.194224,0.325496,-15.05,-110.11,16.87,0.038461538461538464,3.947807002934926,117.43421008804778,117
17,-0.65294397,0.19032,0.315736,-15.47,-110.32,16.31,0.040865384615384616,3.9502108490887724,117.50632547266316,118
18,-0.64952797,0.186904,0.30743998,-16.03,-110.53,16.31,0.04326923076923077,3.9526146952426187,117.57844085727855,118
19,-0.64416,0.183488,0.29768,-16.59,-110.81,15.68,0.04567307692307692,3.955018541396465,117.65055624189394,118
20,-0.643672,0.182024,0.289872,-17.22,-111.020004,15.33,0.04807692307692308,3.9574223875503107,117.72267162650931,118
21,-0.6344,0.17714399,0.271816,-17.99,-111.58,14.9800005,0.05048076923076923,3.959826233704157,117.79478701112471,118
22,-0.61976,0.172264,0.259128,-18.83,-111.93,14.28,0.052884615384615384,3.9622300798580032,117.8669023957401,118
23,-0.608536,0.1708,0.244488,-19.95,-112.28,14.07,0.055288461538461536,3.9646339260118495,117.93901778035548,118
24,-0.598776,0.1708,0.23570399,-21.07,-112.770004,13.37,0.057692307692307696,3.9670377721656953,118.01113316497086,118
25,-0.591456,0.169824,0.22448,-22.47,-113.19,12.67,0.06009615384615385,3.9694416183195416,118.08324854958624,118
26,-0.585112,0.162016,0.216672,-24.01,-113.75,12.11,0.0625,3.971845464473388,118.15536393420163,118
27,-0.578768,0.1586,0.198616,-25.62,-114.520004,11.27,0.06490384615384616,3.974249310627234,118.22747931881702,118
28,-0.569496,0.154208,0.180072,-27.09,-115.08,10.5,0.0673076923076923,3.9766531567810803,118.2995947034324,118
29,-0.54899997,0.146888,0.16836,-28.49,-115.78,9.7300005,0.06971153846153846,3.979057002934926,118.37171008804778,118
30,-0.53679997,0.136152,0.162016,-29.82,-116.270004,8.61,0.07211538461538461,3.9814608490887724,118.44382547266316,118
31,-0.516792,0.12932,0.15371999,-30.94,-116.97,7.84,0.07451923076923077,3.9838646952426187,118.51594085727857,119
32,-0.49532,0.123952,0.144936,-31.85,-117.67,6.7200003,0.07692307692307693,3.986268541396465,118.58805624189395,119
33,-0.480192,0.113216,0.133712,-32.48,-118.3,5.46,0.07932692307692307,3.9886723875503107,118.66017162650932,119
34,-0.464088,0.098087996,0.123463996,-33.11,-119.0,4.62,0.08173076923076923,3.991076233704157,118.73228701112471,119
35,-0.452864,0.087352,0.120048,-33.6,-119.56,3.22,0.08413461538461539,3.9934800798580032,118.8044023957401,119
36,-0.44017598,0.076128,0.115655996,-34.23,-120.4,2.17,0.08653846153846154,3.9958839260118495,118.87651778035548,119
37,-0.430904,0.060512,0.105408,-34.72,-121.24,0.77,0.0889423076923077,3.9982877721656953,118.94863316497086,119
38,-0.422608,0.052704,0.089792,-35.35,-121.94,-0.56,0.09134615384615384,4.000691618319542,119.02074854958626,119
39,-0.4148,0.034648,0.077104,-35.91,-122.57,-1.75,0.09375,4.003095464473388,119.09286393420163,119
40,-0.40894398,0.02684,0.06588,-36.75,-123.41,-3.22,0.09615384615384616,4.005499310627234,119.164979318817,119
41,-0.404064,0.013176,0.054168,-37.8,-124.11,-4.48,0.0985576923076923,4.00790315678108,119.2370947034324,119
42,-0.403576,0.005368,0.045383997,-39.13,-125.090004,-5.53,0.10096153846153846,4.010307002934926,119.30921008804779,119
43,-0.40796798,-0.001464,0.029768,-40.53,-126.14,-6.79,0.10336538461538461,4.012710849088773,119.38132547266319,119
44,-0.412848,-0.010248,0.011712,-42.28,-126.98,-7.91,0.10576923076923077,4.015114695242619,119.45344085727857,119
45,-0.42114398,-0.01708,-0.006832,-44.170002,-128.1,-9.1,0.10817307692307693,4.0175185413964645,119.52555624189394,120
46,-0.426512,-0.02684,-0.020496,-46.13,-129.22,-10.29,0.11057692307692307,4.019922387550311,119.59767162650934,120
47,-0.43139198,-0.037088,-0.031719998,-48.37,-130.69,-11.06,0.11298076923076923,4.022326233704157,119.66978701112471,120
48,-0.437736,-0.047824,-0.048312,-50.61,-132.02,-12.25,0.11538461538461539,4.024730079858003,119.74190239574008,120
49,-0.43919998,-0.054656,-0.069296,-52.99,-133.42,-13.09,0.11778846153846154,4.0271339260118495,119.81401778035548,120
50,-0.445544,-0.065392,-0.084912,-55.09,-135.1,-13.86,0.1201923076923077,4.029537772165695,119.88613316497086,120
51,-0.450912,-0.069296,-0.100039996,-57.33,-136.71,-14.9800005,0.12259615384615384,4.031941618319542,119.95824854958626,120
52,-0.460672,-0.073688,-0.12444,-59.57,-138.39,-15.89,0.125,4.034345464473388,120.03036393420163,120
53,-0.463112,-0.077104,-0.14200799,-61.88,-140.42,-16.8,0.12740384615384615,4.036749310627234,120.102479318817,120
54,-0.464576,-0.082959995,-0.16591999,-64.05,-142.24,-17.85,0.12980769230769232,4.03915315678108,120.1745947034324,120
55,-0.468968,-0.084912,-0.17812,-66.08,-144.48,-18.69,0.13221153846153846,4.041557002934926,120.24671008804778,120
56,-0.472872,-0.091256,-0.194712,-67.76,-146.58,-19.95,0.1346153846153846,4.043960849088773,120.31882547266318,120
57,-0.479704,-0.098087996,-0.21569599,-69.51,-149.03,-21.14,0.13701923076923078,4.046364695242619,120.39094085727855,120
58,-0.480192,-0.103456,-0.224968,-70.91,-151.62,-22.19,0.13942307692307693,4.0487685413964645,120.46305624189392,120
59,-0.481656,-0.108824,-0.222528,-72.24,-154.28,-23.8,0.14182692307692307,4.051172387550311,120.53517162650932,121
60,-0.47092,-0.112728,-0.22789599,-73.36,-157.08,-25.13,0.14423076923076922,4.053576233704157,120.6072870111247,121
61,-0.450912,-0.11468,-0.23424,-74.340004,-159.81,-26.67,0.1466346153846154,4.055980079858003,120.67940239574007,121
62,-0.427488,-0.120048,-0.234728,-74.97,-162.47,-28.35,0.14903846153846154,4.0583839260118495,120.75151778035547,121
63,-0.40455198,-0.120536,-0.229848,-75.53,-165.06,-29.61,0.15144230769230768,4.060787772165695,120.82363316497084,121
64,-0.382592,-0.128832,-0.22692,-75.81,-167.58,-31.43,0.15384615384615385,4.063191618319542,120.89574854958624,121
65,-0.361608,-0.135176,-0.218624,-75.74,-170.17,-33.18,0.15625,4.065595464473388,120.96786393420162,121
66,-0.344528,-0.143472,-0.20788799,-75.6,-172.76,-35.0,0.15865384615384615,4.067999310627234,121.03997931881699,121
67,-0.33086398,-0.15762399,-0.19715199,-75.32,-175.35,-37.24,0.16105769230769232,4.07040315678108,121.11209470343239,121
68,-0.301584,-0.163968,-0.176656,-75.04,-177.94,-39.06,0.16346153846153846,4.072807002934926,121.18421008804776,121
69,-0.279624,-0.171288,-0.16591999,-74.83,-180.39,-41.44,0.1658653846153846,4.075210849088773,121.25632547266316,121
70,-0.247904,-0.18153599,-0.14591199,-74.83,-182.84,-43.82,0.16826923076923078,4.077614695242619,121.32844085727854,121
71,-0.21618399,-0.1952,-0.109312,-75.18,-185.36,-46.13,0.17067307692307693,4.0800185413964645,121.40055624189391,121
72,-0.18056,-0.20837599,-0.079544,-75.88,-187.46,-48.93,0.17307692307692307,4.082422387550311,121.47267162650931,121
73,-0.140544,-0.223016,-0.060024,-77.14,-189.63,-51.8,0.17548076923076922,4.084826233704157,121.5447870111247,122
74,-0.104432,-0.23424,-0.030744,-78.89,-191.66,-54.53,0.1778846153846154,4.087230079858003,121.61690239574007,122
75,-0.068808,-0.24644,-0.006832,-81.2,-193.41,-57.68,0.18028846153846154,4.0896339260118495,121.68901778035547,122
76,-0.033184,-0.249368,0.026352,-84.14,-195.23,-60.69,0.18269230769230768,4.092037772165695,121.76113316497084,122
77,0.001952,-0.257664,0.04636,-87.92,-196.84,-63.98,0.18509615384615385,4.094441618319542,121.83324854958624,122
78,0.031719998,-0.26498398,0.059536,-92.26,-198.31,-67.27,0.1875,4.096845464473388,121.90536393420162,122
79,0.073688,-0.263032,0.06832,-96.95,-199.71,-70.56,0.18990384615384615,4.099249310627234,121.97747931881699,122
80,0.119559996,-0.27572,0.0732,-101.85,-201.11,-74.27,0.19230769230769232,4.10165315678108,122.04959470343239,122
81,0.159576,-0.287432,0.0732,-107.31,-202.44,-78.12,0.19471153846153846,4.104057002934926,122.12171008804776,122
82,0.19032,-0.286944,0.067832,-112.840004,-203.7,-82.39,0.1971153846153846,4.106460849088773,122.19382547266316,122
83,0.21618399,-0.296704,0.059047997,-118.51,-205.1,-86.8,0.19951923076923078,4.108864695242619,122.26594085727855,122
84,0.245952,-0.30256,0.037088,-124.32,-206.57,-91.56,0.20192307692307693,4.1112685413964645,122.33805624189392,122
85,0.282064,-0.308416,0.027328,-130.27,-208.18001,-96.88,0.20432692307692307,4.113672387550311,122.41017162650932,122
86,0.313784,-0.31085598,0.005368,-136.08,-209.86,-102.13,0.20673076923076922,4.116076233704157,122.4822870111247,122
87,0.352336,-0.313784,-0.026352,-142.24,-211.75,-107.8,0.2091346153846154,4.118480079858003,122.55440239574007,123
88,0.38796,-0.3172,-0.044408,-148.61,-213.57,-114.03,0.21153846153846154,4.1208839260118495,122.62651778035547,123
89,0.421632,-0.321104,-0.066856,-154.91,-215.46,-120.33,0.21394230769230768,4.123287772165695,122.69863316497084,123
90,0.453352,-0.325008,-0.099552,-161.42,-217.7,-127.26,0.21634615384615385,4.125691618319542,122.77074854958624,123
91,0.49043998,-0.333792,-0.119072,-168.07,-219.94,-134.54,0.21875,4.128095464473388,122.84286393420162,123
92,0.524112,-0.34208798,-0.14249599,-174.72,-222.39,-142.03,0.22115384615384615,4.130499310627234,122.91497931881699,123
93,0.55583197,-0.3538,-0.17812,-181.58,-224.91,-150.36,0.22355769230769232,4.13290315678108,122.98709470343239,123
94,0.598288,-0.361608,-0.206424,-188.44,-227.57,-158.48,0.22596153846153846,4.135307002934926,123.05921008804778,123
95,0.6466,-0.366976,-0.225456,-195.65,-230.09,-167.3,0.2283653846153846,4.137710849088773,123.13132547266318,123
96,0.70028,-0.377224,-0.22838399,-203.21,-232.82,-176.75,0.23076923076923078,4.140114695242619,123.20344085727855,123
97,0.76079196,-0.391864,-0.24156,-211.61,-235.55,-186.27,0.23317307692307693,4.1425185413964645,123.27555624189392,123
98,0.819352,-0.413824,-0.24351199,-220.92,-238.49,-196.49,0.23557692307692307,4.144922387550311,123.34767162650932,123
99,0.892064,-0.430416,-0.228872,-231.0,-241.29001,-207.34,0.23798076923076922,4.147326233704157,123.4197870111247,123
100,0.97063196,-0.44896,-0.217648,-242.2,-244.44,-218.12,0.2403846153846154,4.149730079858003,123.49190239574007,123
101,1.069208,-0.46799198,-0.22057599,-254.38,-247.24,-229.67,0.24278846153846154,4.1521339260118495,123.56401778035547,124
102,1.1712,-0.48360798,-0.214232,-267.33,-249.9,-241.5,0.24519230769230768,4.154537772165695,123.63613316497084,124
103,1.275144,-0.509472,-0.183488,-280.7,-252.35,-253.54001,0.24759615384615385,4.156941618319542,123.70824854958624,124
104,1.397632,-0.549976,-0.147864,-294.42,-255.01,-266.35,0.25,4.159345464473388,123.78036393420163,124
105,1.5245119,-0.587552,-0.144936,-308.21,-257.53,-279.16,0.25240384615384615,4.161749310627234,123.852479318817,124
106,1.64212,-0.629032,-0.121999994,-321.72,-259.77,-292.46,0.2548076923076923,4.16415315678108,123.9245947034324,124
107,1.7660719,-0.67392796,-0.04636,-335.02,-261.73,-306.11002,0.25721153846153844,4.166557002934926,123.99671008804778,124
108,1.9197919,-0.72712,0.001464,-348.6,-263.48,-319.9,0.25961538461538464,4.168960849088773,124.06882547266318,124
109,2.09596,-0.777384,0.039527997,-362.25,-264.95,-334.11002,0.2620192307692308,4.171364695242619,124.14094085727855,124
110,2.2911599,-0.826184,0.095648,-376.04,-265.72,-348.04,0.2644230769230769,4.1737685413964645,124.21305624189392,124
111,2.495144,-0.884256,0.16104,-389.41,-265.79,-361.9,0.2668269230769231,4.176172387550311,124.28517162650932,124
112,2.7064478,-0.94281596,0.21179199,-402.36002,-265.3,-375.83,0.2692307692307692,4.178576233704157,124.3572870111247,124
113,2.907992,-0.997472,0.25375998,-414.61002,-264.25,-389.13,0.27163461538461536,4.180980079858003,124.42940239574007,124
114,3.090504,-1.0613999,0.304512,-426.09,-262.71,-402.71,0.27403846153846156,4.1833839260118495,124.50151778035548,125
115,3.256912,-1.1223999,0.372832,-436.8,-260.61002,-415.8,0.2764423076923077,4.185787772165695,124.57363316497086,125
116,3.4018478,-1.177544,0.433832,-446.74,-258.44,-428.75,0.27884615384615385,4.188191618319542,124.64574854958626,125
117,3.531168,-1.232688,0.476288,-455.77,-255.85,-441.42,0.28125,4.190595464473388,124.71786393420163,125
118,3.660976,-1.2932,0.50898397,-464.24,-252.77,-453.46,0.28365384615384615,4.192999310627234,124.789979318817,125
119,3.8200638,-1.352736,0.54021597,-471.66,-249.06,-465.01,0.2860576923076923,4.19540315678108,124.8620947034324,125
120,4.00404,-1.422032,0.59292,-478.17,-244.72,-476.28,0.28846153846153844,4.197807002934926,124.93421008804778,125
121,4.1992397,-1.495232,0.630984,-483.7,-240.1,-486.57,0.29086538461538464,4.200210849088773,125.00632547266318,125
122,4.381752,-1.5474479,0.645136,-488.81,-234.99,-496.65,0.2932692307692308,4.202614695242619,125.07844085727855,125
123,4.501312,-1.51524,0.742736,-493.29,-229.74,-505.68,0.2956730769230769,4.2050185413964645,125.15055624189392,125
124,4.620872,-1.697264,0.639768,-497.28,-224.49,-514.01,0.2980769230769231,4.207422387550311,125.22267162650932,125
125,4.781424,-1.6655439,0.70857596,-499.31,-218.68001,-521.99,0.3004807692307692,4.209826233704157,125.29478701112471,125
126,4.882928,-1.731424,0.684664,-500.92,-212.8,-528.99,0.30288461538461536,4.212230079858003,125.36690239574008,125
127,4.928312,-1.892952,0.609024,-501.34,-206.5,-535.64,0.30528846153846156,4.2146339260118495,125.43901778035548,125
128,4.981504,-1.88124,0.68271196,-500.64,-200.27,-541.73,0.3076923076923077,4.217037772165695,125.51113316497086,126
129,5.046896,-1.882704,0.621224,-499.24,-194.25,-546.98,0.31009615384615385,4.219441618319542,125.58324854958626,126
130,5.1357117,-2.012024,0.604144,-496.02,-188.51,-551.67,0.3125,4.221845464473388,125.65536393420163,126
131,5.2474637,-2.07888,0.539728,-490.98,-182.42,-555.38,0.31490384615384615,4.224249310627234,125.727479318817,126
132,5.346528,-2.089128,0.468968,-483.98,-176.47,-558.53,0.3173076923076923,4.22665315678108,125.7995947034324,126
133,5.402648,-2.181848,0.48604798,-475.09,-170.8,-561.26,0.31971153846153844,4.229057002934926,125.87171008804778,126
134,5.4412,-2.2989678,0.34892,-464.8,-165.69,-563.22003,0.32211538461538464,4.231460849088773,125.94382547266318,126
135,5.4817038,-2.334104,0.279624,-453.32,-160.72,-564.83,0.3245192307692308,4.233864695242619,126.01594085727857,126
136,5.539776,-2.40584,0.234728,-440.79,-155.89,-565.74,0.3269230769230769,4.2362685413964645,126.08805624189394,126
137,5.599312,-2.503928,0.130784,-427.84,-151.76,-565.88,0.3293269230769231,4.238672387550311,126.16017162650934,126
138,5.6710477,-2.553216,0.086863995,-414.26,-147.98,-565.53,0.3317307692307692,4.241076233704157,126.23228701112471,126
139,5.770112,-2.626416,-0.027816,-400.47,-144.76,-564.41,0.33413461538461536,4.243480079858003,126.30440239574008,126
140,5.876496,-2.716696,-0.103456,-386.47,-141.89,-562.59,0.33653846153846156,4.2458839260118495,126.37651778035548,126
141,5.998496,-2.7991679,-0.164944,-372.12,-139.23,-560.63,0.3389423076923077,4.248287772165695,126.44863316497086,126
142,6.128792,-2.8831038,-0.289872,-358.33,-137.55,-557.62,0.34134615384615385,4.250691618319542,126.52074854958626,127
143,6.271288,-2.97924,-0.353312,-344.96,-136.08,-554.26,0.34375,4.253095464473388,126.59286393420163,127
144,6.4416,-3.0621998,-0.44359198,-332.15,-135.1,-550.48,0.34615384615384615,4.255499310627234,126.664979318817,127
145,6.6407037,-3.131008,-0.535824,-319.83,-134.96,-546.0,0.3485576923076923,4.25790315678108,126.7370947034324,127
146,6.8832397,-3.2198238,-0.598288,-307.93,-135.17,-541.1,0.35096153846153844,4.260307002934926,126.80921008804779,127
147,7.153104,-3.3149838,-0.69637597,-296.52,-136.29,-535.64,0.35336538461538464,4.262710849088773,126.88132547266319,127
148,7.465424,-3.389648,-0.79056,-285.39,-137.9,-529.62,0.3557692307692308,4.265114695242619,126.95344085727857,127
149,7.774816,-3.471144,-0.90963197,-273.98,-140.21,-523.11,0.3581730769230769,4.2675185413964645,127.02555624189394,127
150,8.074448,-3.56972,-1.010648,-262.08,-143.36,-515.55,0.3605769230769231,4.269922387550311,127.09767162650934,127
151,8.356999,-3.6731758,-1.16632,-248.92,-147.42,-507.78,0.3629807692307692,4.272326233704157,127.16978701112471,127
152,8.573672,-3.7878559,-1.338584,-234.15,-152.46,-499.24,0.36538461538461536,4.274730079858003,127.24190239574008,127
153,8.74008,-3.883504,-1.4781519,-217.63,-158.48,-490.0,0.36778846153846156,4.2771339260118495,127.31401778035548,127
154,8.860616,-3.9503598,-1.609424,-199.01,-166.53,-480.13,0.3701923076923077,4.279537772165695,127.38613316497086,127
155,8.948944,-4.0909038,-1.7636319,-178.99,-176.61,-469.28,0.37259615384615385,4.281941618319542,127.45824854958626,127
156,9.023608,-4.1967998,-1.9319919,-157.43001,-188.44,-457.87,0.375,4.284345464473388,127.53036393420163,128
157,9.0836315,-4.282688,-2.10328,-134.4,-202.02,-445.9,0.37740384615384615,4.286749310627234,127.602479318817,128
158,9.138776,-4.422744,-2.245288,-110.46,-217.35,-432.74,0.3798076923076923,4.28915315678108,127.67459470343239,128
159,9.199776,-4.5506,-2.460008,-85.75,-234.99,-419.16,0.38221153846153844,4.291557002934926,127.74671008804776,128
160,9.223688,-4.643808,-2.629832,-61.25,-254.31,-404.25,0.38461538461538464,4.293960849088773,127.81882547266316,128
161,9.213928,-4.772152,-2.7420719,-37.45,-276.08,-387.94,0.3870192307692308,4.296364695242619,127.89094085727854,128
162,9.197336,-4.8751197,-2.9075038,-15.47,-300.02,-370.72,0.3894230769230769,4.2987685413964645,127.96305624189391,128
163,9.186111,-4.931728,-3.041216,4.41,-326.06,-351.54,0.3918269230769231,4.301172387550311,128.0351716265093,128
164,9.176352,-5.015664,-3.204208,21.28,-354.13,-331.17,0.3942307692307692,4.303576233704157,128.1072870111247,128
165,9.211976,-5.1474237,-3.330112,35.56,-383.74,-309.54,0.39663461538461536,4.305980079858003,128.17940239574006,128
166,9.270535,-5.2201357,-3.365248,47.88,-415.1,-286.09,0.39903846153846156,4.3083839260118495,128.25151778035547,128
167,9.376431,-5.254784,-3.441864,58.31,-448.0,-261.87,0.4014423076923077,4.310787772165695,128.32363316497083,128
168,9.530151,-5.32896,-3.5267758,66.64,-481.95,-236.53,0.40384615384615385,4.313191618319542,128.39574854958624,128
169,9.75512,-5.3889837,-3.5106719,74.13,-516.53,-210.14,0.40625,4.315595464473388,128.4678639342016,128
170,10.04548,-5.4509597,-3.493104,80.22,-552.3,-182.91,0.40865384615384615,4.317999310627234,128.539979318817,129
171,10.408552,-5.483656,-3.4701679,85.33,-588.49,-154.28,0.4110576923076923,4.32040315678108,128.6120947034324,129
172,10.754056,-5.43144,-3.346704,90.23,-624.96,-125.51,0.41346153846153844,4.322807002934926,128.68421008804776,129
173,11.133719,-5.4724317,-3.3042479,94.78,-662.41,-95.48,0.41586538461538464,4.325210849088773,128.75632547266318,129
174,11.600247,-5.444616,-3.203232,99.54,-700.14,-64.54,0.4182692307692308,4.327614695242619,128.82844085727854,129
175,12.084344,-5.36068,-3.001688,105.14,-738.22003,-33.39,0.4206730769230769,4.3300185413964645,128.90055624189392,129
176,12.64164,-5.3675117,-2.838696,112.28,-776.79,-1.26,0.4230769230769231,4.332422387550311,128.9726716265093,129
177,13.237488,-5.298216,-2.706936,121.1,-814.73,30.94,0.4254807692307692,4.334826233704157,129.0447870111247,129
178,13.899216,-5.1366878,-2.425848,132.3,-852.04,63.21,0.42788461538461536,4.337230079858003,129.11690239574006,129
179,14.602912,-5.051776,-2.154032,145.04,-889.14,95.97,0.43028846153846156,4.3396339260118495,129.18901778035547,129
180,15.383712,-5.00688,-1.892952,159.74,-925.61,128.73,0.4326923076923077,4.342037772165695,129.26113316497083,129
181,15.939055,-4.81656,-1.638216,175.07,-960.82,161.63,0.43509615384615385,4.344441618319542,129.33324854958624,129
182,15.961504,-4.658936,-1.3112559,192.08,-995.05,194.95,0.4375,4.346845464473388,129.40536393420163,129
183,15.961504,-4.52864,-1.01992,209.44,-1027.95,228.34,0.43990384615384615,4.349249310627234,129.477479318817,129
184,15.961504,-4.37736,-0.692472,228.2,-1059.87,262.57,0.4423076923076923,4.35165315678108,129.5495947034324,130
185,15.961504,-4.18704,-0.37088,248.78,-1090.32,296.66,0.44471153846153844,4.354057002934926,129.62171008804776,130
186,15.961504,-3.98452,-0.170312,271.46,-1119.23,331.1,0.44711538461538464,4.356460849088773,129.69382547266318,130
187,15.961504,-3.867888,0.172752,297.01,-1146.11,366.24,0.4495192307692308,4.358864695242619,129.76594085727854,130
188,15.961504,-3.66488,0.449448,325.01,-1170.96,401.17,0.4519230769230769,4.3612685413964645,129.83805624189392,130
189,15.961504,-3.454064,0.718336,356.3,-1193.78,436.73,0.4543269230769231,4.363672387550311,129.9101716265093,130
190,15.961504,-3.324256,1.00772,390.32,-1214.36,472.71,0.4567307692307692,4.366076233704157,129.9822870111247,130
191,15.961504,-3.069032,1.274168,427.0,-1232.77,509.04,0.45913461538461536,4.368480079858003,130.05440239574008,130
192,15.961504,-2.850896,1.5494,466.13,-1248.9401,546.56,0.46153846153846156,4.3708839260118495,130.12651778035547,130
193,15.961504,-2.747928,1.732888,507.01,-1261.89,584.78,0.4639423076923077,4.373287772165695,130.19863316497086,130
194,15.961504,-2.4785519,2.08376,549.92,-1272.46,623.91,0.46634615384615385,4.375691618319542,130.27074854958624,130
195,15.961504,-2.108648,2.306776,594.79,-1280.3,664.37,0.46875,4.378095464473388,130.34286393420163,130
196,15.961504,-1.9822559,2.518568,640.78,-1284.64,705.88,0.47115384615384615,4.380499310627234,130.414979318817,130
197,15.961504,-1.7280079,2.6596,688.87,-1285.6901,748.93,0.4735576923076923,4.38290315678108,130.4870947034324,130
198,15.961504,-1.31272,2.934344,739.2,-1282.82,793.38,0.47596153846153844,4.385307002934926,130.55921008804776,131
199,15.961504,-1.2541599,3.078304,790.72003,-1276.17,839.51,0.47836538461538464,4.387710849088773,130.63132547266318,131
200,1.67872,8.636623,12.240503,793.03,-765.8,804.37,0.4807692307692308,4.390114695242619,130.70344085727854,131
201,2.654232,5.0166397,2.83772,1134.49,116.13,521.43,0.4831730769230769,4.3925185413964645,130.77555624189392,131
202,-1.809992,-1.835856,7.3936877,1231.79,-48.93,537.04,0.4855769230769231,4.394922387550311,130.8476716265093,131
203,1.457168,2.790384,-0.167384,892.15,-36.05,692.02,0.4879807692307692,4.397326233704157,130.9197870111247,131
204,1.8841679,-4.243648,-4.9844317,768.81,46.13,511.42,0.49038461538461536,4.399730079858003,130.99190239574008,131
205,-1.616256,8.590752,11.124936,1188.11,5.7400002,365.82,0.49278846153846156,4.4021339260118495,131.06401778035547,131
206,4.744336,-13.689864,-9.092904,859.25,-34.72,327.18,0.4951923076923077,4.404537772165695,131.13613316497086,131
207,-1.6372399,0.86815196,7.208736,1207.85,-59.57,267.47,0.49759615384615385,4.406941618319542,131.20824854958624,131
208,2.607872,3.3774478,-2.038864,795.55,-2.59,347.62,0.5,4.409345464473388,131.28036393420163,131
209,7.67624,-8.080791,-3.144672,616.77,-20.02,322.49,0.5024038461538461,4.411749310627234,131.352479318817,131
210,4.916112,1.438624,8.27892,942.2,-60.69,262.15,0.5048076923076923,4.41415315678108,131.4245947034324,131
211,8.2198715,-6.72464,-12.379583,631.05,-202.16,294.7,0.5072115384615384,4.416557002934926,131.49671008804776,131
212,-0.465552,2.3614318,7.7304077,684.6,246.4,422.24,0.5096153846153846,4.418960849088773,131.56882547266318,132
213,11.75836,-4.595984,-3.8498318,470.61002,-102.27,539.14,0.5120192307692307,4.421364695242619,131.64094085727857,132
214,8.577087,-4.26268,-2.96704,365.19,-61.32,650.44,0.5144230769230769,4.4237685413964645,131.71305624189392,132
215,4.9546638,5.330912,6.359616,433.51,-57.19,890.61,0.5168269230769231,4.426172387550311,131.78517162650934,132
216,9.855648,-14.956712,-10.774551,257.39,-67.27,896.42,0.5192307692307693,4.428576233704157,131.8572870111247,132
217,11.1669035,4.247552,9.6131115,397.6,-24.64,1068.27,0.5216346153846154,4.430980079858003,131.92940239574008,132
218,13.182832,-1.780224,-4.064552,267.68,-137.83,1131.06,0.5240384615384616,4.4333839260118495,132.00151778035547,132
219,9.766344,-1.323944,0.077592,281.82,-105.14,1162.7,0.5264423076923077,4.435787772165695,132.07363316497086,132
220,13.385839,4.846816,5.8257437,383.95,-117.04,1189.23,0.5288461538461539,4.438191618319542,132.14574854958624,132
221,13.200399,-4.4466558,-9.57456,231.84,-195.23,1157.38,0.53125,4.440595464473388,132.21786393420163,132
222,11.488496,6.748064,11.76324,438.76,-29.19,1174.11,0.5336538461538461,4.442999310627234,132.289979318817,132
223,13.840655,-4.686264,-6.588976,359.17,-192.78,1121.96,0.5360576923076923,4.44540315678108,132.3620947034324,132
224,14.395023,1.741184,1.9886,434.91,-132.93001,1118.39,0.5384615384615384,4.447807002934926,132.4342100880478,132
225,14.163223,4.369064,3.6843998,505.12,-205.24,1144.71,0.5408653846153846,4.450210849088773,132.50632547266318,133
226,14.403319,-6.882752,-8.440448,440.23,-267.68,1053.43,0.5432692307692307,4.452614695242619,132.57844085727857,133
227,14.687336,8.285752,10.746248,599.06,-128.31,1113.84,0.5456730769230769,4.4550185413964645,132.65055624189392,133
228,14.390632,-2.321416,-8.18864,521.08,-208.6,1113.91,0.5480769230769231,4.457422387550311,132.72267162650934,133
229,13.675712,0.123952,2.694248,607.67,-124.74,1133.72,0.5504807692307693,4.459826233704157,132.7947870111247,133
230,14.6765995,3.5950959,1.987136,646.38,-110.32,1157.17,0.5528846153846154,4.462230079858003,132.86690239574008,133
231,15.056751,-4.098712,-7.5913277,595.28,-158.97,1186.71,0.5552884615384616,4.4646339260118495,132.93901778035547,133
232,14.79616,4.612576,10.286551,704.48,-22.54,1228.29,0.5576923076923077,4.467037772165695,133.01113316497086,133
233,15.369559,-2.37168,-8.724952,638.05,-86.73,1194.6901,0.5600961538461539,4.469441618319542,133.08324854958624,133
234,15.134344,2.22528,3.38672,672.42,23.24,1196.93,0.5625,4.471845464473388,133.15536393420163,133
235,14.812752,4.27,1.858792,693.49,36.12,1199.8,0.5649038461538461,4.474249310627234,133.22747931881702,133
236,15.276352,-2.889448,-6.9798636,633.71,1.61,1186.29,0.5673076923076923,4.47665315678108,133.2995947034324,133
237,15.126535,5.5973597,11.08004,707.91,102.340004,1185.24,0.5697115384615384,4.479057002934926,133.3717100880478,133
238,15.719456,-1.813408,-8.437032,627.83,58.87,1161.16,0.5721153846153846,4.481460849088773,133.44382547266318,133
239,14.98648,0.70320797,4.1255517,649.88,148.61,1157.31,0.5745192307692307,4.483864695242619,133.51594085727857,134
240,15.62576,2.9616718,2.234552,642.95,178.78,1154.02,0.5769230769230769,4.4862685413964645,133.58805624189392,134
241,15.031864,-1.5816079,-6.395728,577.71,173.25,1133.4401,0.5793269230769231,4.488672387550311,133.66017162650934,134
242,14.749311,4.9785757,11.681255,630.91,247.45,1118.67,0.5817307692307693,4.491076233704157,133.7322870111247,134
243,14.997704,-0.225456,-8.297952,555.03,201.81,1101.17,0.5841346153846154,4.493480079858003,133.80440239574008,134
244,14.974279,1.8124319,3.870816,563.15,257.39,1101.31,0.5865384615384616,4.4958839260118495,133.87651778035547,134
245,14.743944,2.751832,2.0247118,557.48,284.27,1077.79,0.5889423076923077,4.498287772165695,133.94863316497086,134
246,14.811288,-1.48352,-7.079416,495.53,282.24,1050.7,0.5913461538461539,4.500691618319542,134.02074854958627,134
247,14.916696,3.802496,10.19432,528.85,348.53,1051.54,0.59375,4.503095464473388,134.09286393420163,134
248,14.387216,0.186416,-8.499984,467.81,318.22,1031.45,0.5961538461538461,4.505499310627234,134.16497931881702,134
249,14.131991,1.887584,2.985096,469.42,353.57,1010.17,0.5985576923076923,4.50790315678108,134.2370947034324,134
250,13.881648,3.31596,2.502464,467.53,363.58,994.84,0.6009615384615384,4.510307002934926,134.3092100880478,134
251,13.790392,-0.601704,-7.4317517,412.3,354.69,979.79,0.6033653846153846,4.512710849088773,134.38132547266318,134
252,13.568352,3.273016,10.945352,445.83002,405.09,967.54,0.6057692307692307,4.515114695242619,134.45344085727857,134
253,13.270672,0.076128,-6.618744,385.42,387.73,944.79,0.6081730769230769,4.5175185413964645,134.52555624189392,135
254,13.339968,0.92524797,2.5873759,383.25,409.29,929.46,0.6105769230769231,4.519922387550311,134.59767162650934,135
255,13.0252075,2.796728,4.407616,384.3,423.71,915.95,0.6129807692307693,4.522326233704157,134.66978701112473,135
256,12.454736,-0.21618399,-7.6113358,327.95,407.54,899.08,0.6153846153846154,4.524730079858003,134.74190239574008,135
257,12.201464,3.2334878,10.823352,356.37,441.91,887.95,0.6177884615384616,4.5271339260118495,134.8140177803555,135
258,11.791544,0.663192,-5.43876,310.8,427.14,866.18,0.6201923076923077,4.529537772165695,134.88613316497086,135
259,11.728104,0.602192,0.718336,301.56,437.43,854.35,0.6225961538461539,4.531941618319542,134.95824854958627,135
260,11.653928,2.336544,5.589552,305.83,454.51,845.95,0.625,4.534345464473388,135.03036393420163,135
261,11.650023,-0.606584,-8.950896,258.93,435.61002,822.99,0.6274038461538461,4.536749310627234,135.10247931881702,135
262,11.34844,2.3589919,8.984568,282.45,464.59,810.74,0.6298076923076923,4.53915315678108,135.1745947034324,135
263,10.757959,1.065792,-3.965976,251.02,453.74,800.31,0.6322115384615384,4.541557002934926,135.2467100880478,135
264,10.626688,0.67051196,-1.093608,243.18001,457.8,786.31,0.6346153846153846,4.543960849088773,135.31882547266318,135
265,10.23824,2.433168,7.3902717,260.12,472.5,770.91,0.6370192307692307,4.546364695242619,135.39094085727857,135
266,10.068416,-0.44700798,-8.403359,222.53,452.55,754.67,0.6394230769230769,4.5487685413964645,135.46305624189392,135
267,10.27728,1.587952,8.211088,249.2,474.39,745.85,0.6418269230769231,4.551172387550311,135.53517162650934,136
268,9.951784,0.77592,-1.6670079,236.11,469.84,729.47003,0.6442307692307693,4.553576233704157,135.6072870111247,136
269,9.708272,0.18544,-2.2013679,229.18001,471.59,713.51,0.6466346153846154,4.555980079858003,135.67940239574008,136
270,9.361304,2.295064,8.589288,256.2,489.16,702.87,0.6490384615384616,4.5583839260118495,135.75151778035547,136
271,8.9992075,0.014152,-7.745048,232.54001,472.78,686.28,0.6514423076923077,4.560787772165695,135.82363316497086,136
272,8.866472,1.5128,6.883728,259.28,487.76,675.08,0.6538461538461539,4.563191618319542,135.89574854958624,136
273,8.739104,1.010648,-0.266448,259.91,484.61002,659.89,0.65625,4.565595464473388,135.9678639342016,136
274,8.77668,-0.208864,-3.4589438,258.37,481.67,642.6,0.6586538461538461,4.567999310627234,136.039979318817,136
275,8.434592,1.659688,8.304784,289.8,501.62,631.54,0.6610576923076923,4.57040315678108,136.1120947034324,136
276,8.0886,-0.062464,-6.651928,276.78,491.26,615.51,0.6634615384615384,4.572807002934926,136.18421008804776,136
277,7.9041357,1.09556,5.125464,304.15,505.68,599.48,0.6658653846153846,4.575210849088773,136.25632547266318,136
278,7.4961677,1.208288,1.6289439,313.81,505.33002,583.66,0.6682692307692307,4.577614695242619,136.32844085727854,136
279,7.50056,-0.13029599,-3.9205918,310.38,498.96,569.38,0.6706730769230769,4.5800185413964645,136.40055624189392,136
280,7.52984,1.4064159,7.938296,340.55,515.2,555.52,0.6730769230769231,4.582422387550311,136.4726716265093,136
281,7.417112,-0.211304,-5.081544,327.74,507.43,536.48,0.6754807692307693,4.584826233704157,136.5447870111247,137
282,7.4498076,0.44896,3.3530478,341.53,520.1,523.53,0.6778846153846154,4.587230079858003,136.61690239574006,137
283,7.2487516,1.006256,2.666432,346.92,525.77,510.37,0.6802884615384616,4.5896339260118495,136.68901778035547,137
284,7.139928,-0.19032,-4.124088,332.08,519.82,493.5,0.6826923076923077,4.592037772165695,136.76113316497083,137
285,7.026712,1.330776,7.018416,347.2,532.91,481.81,0.6850961538461539,4.594441618319542,136.83324854958624,137
286,6.975472,0.160064,-3.454064,326.83,524.3,467.67,0.6875,4.596845464473388,136.90536393420163,137
287,7.0940557,0.303536,2.094984,325.01,530.81,455.7,0.6899038461538461,4.599249310627234,136.977479318817,137
288,6.918864,0.832528,3.433568,320.81,537.32,444.36002,0.6923076923076923,4.60165315678108,137.0495947034324,137
289,6.91496,-0.360144,-4.02356,296.31,531.3,431.06,0.6947115384615384,4.604057002934926,137.12171008804776,137
290,6.854448,1.020408,5.9052877,301.0,543.62,421.33,0.6971153846153846,4.606460849088773,137.19382547266318,137
291,6.6358237,0.36990398,-2.236016,277.76,536.27,410.48,0.6995192307692307,4.608864695242619,137.26594085727854,137
292,6.691456,0.401624,0.87351996,267.75,537.67,401.31,0.7019230769230769,4.6112685413964645,137.33805624189392,137
293,6.5596957,1.060912,3.8693519,264.81,541.66,391.58,0.7043269230769231,4.613672387550311,137.4101716265093,137
294,6.464048,-0.163968,-3.709288,241.36,533.33,380.17,0.7067307692307693,4.616076233704157,137.4822870111247,137
295,6.445992,0.762744,4.791184,245.98,542.15,373.17,0.7091346153846154,4.618480079858003,137.55440239574008,138
296,6.2585998,0.251808,-1.281,232.4,536.76,362.11002,0.7115384615384616,4.6208839260118495,137.62651778035547,138
297,6.1624637,0.15371999,-0.22789599,226.17,535.92,350.91,0.7139423076923077,4.623287772165695,137.69863316497086,138
298,5.935544,1.02968,3.837632,230.93001,539.7,343.0,0.7163461538461539,4.625691618319542,137.77074854958624,138
299,5.77548,0.029768,-3.332552,216.16,530.32,331.87,0.71875,4.628095464473388,137.84286393420163,138
300,5.7471757,0.7686,3.7551599,224.7,535.78,322.49,0.7211538461538461,4.630499310627234,137.914979318817,138
301,5.63152,0.457744,-0.42212,218.47,531.37,312.34,0.7235576923076923,4.63290315678108,137.9870947034324,138
302,5.715944,0.067832,-0.88718396,213.85,528.64,301.98,0.7259615384615384,4.635307002934926,138.05921008804776,138
303,5.637376,0.8296,3.690744,221.13,533.05,293.3,0.7283653846153846,4.637710849088773,138.13132547266318,138
304,5.5266,0.079055995,-2.954352,208.25,524.65,282.31,0.7307692307692307,4.640114695242619,138.20344085727854,138
305,5.493904,0.742736,2.75232,214.2,528.64,273.42,0.7331730769230769,4.6425185413964645,138.27555624189392,138
306,5.320176,0.66124,0.33427998,210.56,525.07,263.9,0.7355769230769231,4.644922387550311,138.3476716265093,138
307,5.26796,0.198128,-1.3219919,203.98,520.24,253.89,0.7379807692307693,4.647326233704157,138.4197870111247,138
308,5.20208,0.887672,3.4535758,211.12,523.6,245.63,0.7403846153846154,4.649730079858003,138.49190239574008,138
309,5.125464,0.113703996,-2.382904,200.27,515.9,234.71,0.7427884615384616,4.6521339260118495,138.56401778035547,139
310,5.09472,0.5002,1.8651359,203.84,517.93,225.54001,0.7451923076923077,4.654537772165695,138.63613316497086,139
311,4.977112,0.645624,0.762744,202.16,516.18,216.86,0.7475961538461539,4.656941618319542,138.70824854958624,139
312,4.9512477,0.221552,-1.647488,195.09,511.21,206.29,0.75,4.659345464473388,138.78036393420163,139
313,4.860968,0.90621597,3.0485358,201.32,514.08,197.68001,0.7524038461538461,4.661749310627234,138.852479318817,139
314,4.786304,0.328424,-1.8651359,192.01,506.94,188.3,0.7548076923076923,4.66415315678108,138.9245947034324,139
315,4.8155837,0.509472,1.128256,193.83,507.22,179.2,0.7572115384615384,4.666557002934926,138.99671008804776,139
316,4.720912,0.643672,1.118984,193.62,506.17,169.82,0.7596153846153846,4.668960849088773,139.06882547266318,139
317,4.680896,0.142984,-1.794376,185.85,500.78,159.95,0.7620192307692307,4.671364695242619,139.14094085727857,139
318,4.592568,0.752496,2.548336,191.52,503.72,151.34,0.7644230769230769,4.6737685413964645,139.21305624189392,139
319,4.4300637,0.36112,-1.405928,183.82,497.91,141.54,0.7668269230769231,4.676172387550311,139.28517162650934,139
320,4.369064,0.460672,0.490928,183.05,496.72,132.44,0.7692307692307693,4.678576233704157,139.3572870111247,139
321,4.2778077,0.702232,1.33956,183.05,495.53,123.69,0.7716346153846154,4.680980079858003,139.42940239574008,139
322,4.274392,0.18104799,-1.7524079,173.81,489.23,114.03,0.7740384615384616,4.6833839260118495,139.50151778035547,140
323,4.266096,0.638792,2.128656,175.56,490.91,105.98,0.7764423076923077,4.685787772165695,139.57363316497086,140
324,4.22364,0.35428798,-0.928176,166.18001,485.87,97.44,0.7788461538461539,4.688191618319542,139.64574854958624,140
325,4.228032,0.366,0.003416,160.79,483.77,88.69,0.78125,4.690595464473388,139.71786393420163,140
326,4.150928,0.71248,1.446432,157.57,483.14,81.41,0.7836538461538461,4.692999310627234,139.789979318817,140
327,4.126528,0.289872,-1.6235759,145.11,476.42,73.99,0.7860576923076923,4.69540315678108,139.8620947034324,140
328,4.130432,0.660752,1.701656,142.94,476.35,67.2,0.7884615384615384,4.697807002934926,139.9342100880478,140
329,4.075776,0.453352,-0.49532,132.86,471.38,60.2,0.7908653846153846,4.700210849088773,140.00632547266318,140
330,4.09188,0.344528,-0.352336,124.39,467.81,53.69,0.7932692307692307,4.702614695242619,140.07844085727857,140
331,4.042104,0.65831196,1.420568,120.89,467.25,47.74,0.7956730769230769,4.7050185413964645,140.15055624189392,140
332,3.9645119,0.276696,-1.515728,108.78,461.02,41.23,0.7980769230769231,4.707422387550311,140.22267162650934,140
333,3.90644,0.604144,1.209752,105.77,460.25,35.7,0.8004807692307693,4.709826233704157,140.2947870111247,140
334,3.810792,0.525576,-0.202032,97.93,455.35,29.82,0.8028846153846154,4.712230079858003,140.36690239574008,140
335,3.7741919,0.351848,-0.64904,89.74,450.59,24.22,0.8052884615384616,4.7146339260118495,140.43901778035547,140
336,3.732224,0.64952797,1.329312,87.15,449.26,19.32,0.8076923076923077,4.717037772165695,140.51113316497086,141
337,3.7170959,0.31085598,-1.32248,76.51,442.89,13.86,0.8100961538461539,4.719441618319542,140.58324854958624,141
338,3.726856,0.545096,0.769088,72.87,441.0,9.52,0.8125,4.721845464473388,140.65536393420163,141
339,3.6951358,0.577304,-0.008296,65.94,436.94,5.18,0.8149038461538461,4.724249310627234,140.72747931881702,141
340,3.704896,0.42553598,-0.896944,57.12,431.76,1.19,0.8173076923076923,4.72665315678108,140.7995947034324,141
341,3.6922078,0.73688,1.111176,54.46,430.08002,-2.52,0.8197115384615384,4.729057002934926,140.8717100880478,141
342,3.675128,0.469944,-1.179984,44.66,424.06,-6.23,0.8221153846153846,4.731460849088773,140.94382547266318,141
343,3.6966,0.594872,0.341112,40.53,421.33,-9.24,0.8245192307692307,4.733864695242619,141.01594085727857,141
344,3.67464,0.637816,0.089792,35.14,417.83,-12.67,0.8269230769230769,4.7362685413964645,141.08805624189392,141
345,3.670248,0.44896,-1.108736,26.880001,412.58,-15.89,0.8293269230769231,4.738672387550311,141.16017162650934,141
346,3.656096,0.749568,0.809592,24.29,410.9,-18.27,0.8317307692307693,4.741076233704157,141.2322870111247,141
347,3.631696,0.572424,-1.100928,15.82,405.51,-21.49,0.8341346153846154,4.743480079858003,141.30440239574008,141
348,3.637552,0.67344,-0.0976,10.99,402.43,-23.8,0.8365384615384616,4.7458839260118495,141.37651778035547,141
349,3.62584,0.781776,0.096624,6.02,399.35,-25.83,0.8389423076923077,4.748287772165695,141.44863316497086,141
350,3.639992,0.56852,-1.252208,-2.66,394.1,-28.0,0.8413461538461539,4.750691618319542,141.52074854958627,142
351,3.6438959,0.8052,0.48799998,-5.81,392.35,-29.4,0.84375,4.753095464473388,141.59286393420163,142
352,3.620472,0.669048,-1.02968,-13.65,387.94,-31.29,0.8461538461538461,4.755499310627234,141.66497931881702,142
353,3.6087599,0.71004,-0.49043998,-19.04,384.86002,-32.55,0.8485576923076923,4.75790315678108,141.7370947034324,142
354,3.563376,0.848632,0.010736,-23.03,382.2,-33.670002,0.8509615384615384,4.760307002934926,141.8092100880478,142
355,3.52092,0.67392796,-1.374696,-30.59,377.09,-35.28,0.8533653846153846,4.762710849088773,141.88132547266318,142
356,3.4916399,0.875472,0.15762399,-33.11,374.99,-35.98,0.8557692307692307,4.765114695242619,141.95344085727857,142
357,3.443328,0.76762396,-0.98332,-39.2,370.44,-37.45,0.8581730769230769,4.7675185413964645,142.02555624189392,142
358,3.418928,0.7564,-0.831064,-43.82,366.52,-38.15,0.8605769230769231,4.769922387550311,142.09767162650934,142
359,3.363296,0.908656,-0.125416,-46.41,363.93,-38.78,0.8629807692307693,4.772326233704157,142.1697870111247,142
360,3.304736,0.75200796,-1.482056,-52.57,358.68,-39.97,0.8653846153846154,4.774730079858003,142.24190239574008,142
361,3.2417839,0.931104,-0.218624,-54.39,355.95,-40.53,0.8677884615384616,4.7771339260118495,142.31401778035547,142
362,3.1632159,0.898896,-0.981856,-58.52,351.26,-41.16,0.8701923076923077,4.779537772165695,142.38613316497086,142
363,3.110024,0.85107195,-1.1170319,-61.95,346.71,-42.0,0.8725961538461539,4.781941618319542,142.45824854958624,142
364,3.04024,0.985272,-0.28499198,-62.79,343.21,-42.35,0.875,4.784345464473388,142.53036393420163,143
365,2.974848,0.835456,-1.541104,-66.71,337.54,-43.26,0.8774038461538461,4.786749310627234,142.602479318817,143
366,2.927024,0.95404,-0.53192,-66.71,333.97,-43.68,0.8798076923076923,4.78915315678108,142.6745947034324,143
367,2.863096,0.96526396,-0.972584,-67.9,329.0,-44.24,0.8822115384615384,4.791557002934926,142.74671008804776,143
368,2.813808,0.922808,-1.33224,-68.95,323.54,-45.08,0.8846153846153846,4.793960849088773,142.81882547266318,143
369,2.761592,1.06628,-0.462136,-66.85,319.41,-45.29,0.8870192307692307,4.796364695242619,142.89094085727854,143
370,2.70596,0.94672,-1.557208,-67.48,313.18,-46.2,0.8894230769230769,4.7987685413964645,142.96305624189392,143
371,2.663504,1.037488,-0.818376,-64.82,308.49,-46.62,0.8918269230769231,4.801172387550311,143.0351716265093,143
372,2.607872,1.042856,-1.026752,-62.16,303.17,-47.18,0.8942307692307693,4.803576233704157,143.1072870111247,143
373,2.560536,0.95843196,-1.541592,-60.2,297.36002,-48.44,0.8966346153846154,4.805980079858003,143.17940239574006,143
374,2.508808,1.109224,-0.672952,-55.3,292.81,-49.14,0.8990384615384616,4.8083839260118495,143.25151778035547,143
375,2.450736,1.0248,-1.594784,-52.85,286.3,-50.19,0.9014423076923077,4.810787772165695,143.32363316497083,143
376,2.40828,1.082872,-1.093608,-48.51,280.91,-51.52,0.9038461538461539,4.813191618319542,143.39574854958624,143
377,2.362408,1.130208,-1.06872,-44.66,275.03,-52.43,0.90625,4.815595464473388,143.4678639342016,143
378,2.333128,1.05652,-1.6533439,-42.84,268.45,-53.69,0.9086538461538461,4.817999310627234,143.539979318817,144
379,2.295064,1.165344,-0.85448796,-39.2,263.06,-54.6,0.9110576923076923,4.82040315678108,143.6120947034324,144
380,2.244312,1.101904,-1.5908799,-38.57,256.2,-55.65,0.9134615384615384,4.822807002934926,143.68421008804776,144
381,2.211616,1.145336,-1.292712,-37.45,249.9,-56.91,0.9158653846153846,4.825210849088773,143.75632547266318,144
382,2.167696,1.21268,-1.094584,-36.61,243.67,-57.54,0.9182692307692307,4.827614695242619,143.82844085727854,144
383,2.124752,1.133624,-1.71532,-38.08,236.25,-58.59,0.9206730769230769,4.8300185413964645,143.90055624189392,144
384,2.088152,1.238544,-0.996984,-37.94,230.09,-59.22,0.9230769230769231,4.832422387550311,143.9726716265093,144
385,2.051552,1.18828,-1.54696,-39.9,222.81,-59.64,0.9254807692307693,4.834826233704157,144.0447870111247,144
386,2.024224,1.1809599,-1.4239839,-41.58,215.81,-60.41,0.9278846153846154,4.837230079858003,144.11690239574006,144
387,1.990552,1.243912,-1.118984,-42.77,209.23,-60.83,0.9302884615384616,4.8396339260118495,144.18901778035547,144
388,1.953952,1.171688,-1.726544,-45.71,201.53,-61.39,0.9326923076923077,4.842037772165695,144.26113316497083,144
389,1.9168639,1.254648,-1.11508,-46.55,194.88,-61.95,0.9350961538461539,4.844441618319542,144.33324854958624,144
390,1.874408,1.2365919,-1.483032,-48.79,187.6,-62.09,0.9375,4.846845464473388,144.40536393420163,144
391,1.84464,1.225856,-1.5001119,-50.75,180.11,-62.44,0.9399038461538461,4.849249310627234,144.477479318817,144
392,1.81048,1.277584,-1.121424,-51.59,173.39,-62.79,0.9423076923076923,4.85165315678108,144.5495947034324,145
393,1.775344,1.199504,-1.6792079,-53.62,165.76,-63.14,0.9447115384615384,4.854057002934926,144.62171008804776,145
394,1.750456,1.2556239,-1.170712,-53.83,159.11,-63.63,0.9471153846153846,4.856460849088773,144.69382547266318,145
395,1.70556,1.2487919,-1.382504,-54.670002,151.76,-63.7,0.9495192307692307,4.858864695242619,144.76594085727854,145
396,1.662128,1.220976,-1.5040159,-55.44,144.34,-64.05,0.9519230769230769,4.8612685413964645,144.83805624189392,145
397,1.62016,1.287344,-1.07604,-54.81,137.62,-64.4,0.9543269230769231,4.863672387550311,144.9101716265093,145
398,1.5869759,1.2229279,-1.550864,-55.23,129.85,-64.47,0.9567307692307693,4.866076233704157,144.9822870111247,145
399,1.563064,1.264408,-1.158024,-53.97,123.270004,-64.89,0.9591346153846154,4.868480079858003,145.05440239574008,145
